课程名,文件名,密码,路径
Python数据分析与展示,DV01单元学习资料,dd4258f1-afef-423d-88ca-a047dddb6dc3,C:\Users\Fadin\AppData\Local\Packages\42920yunfanchina.MOOC-_24n3fmj6qqchj\LocalState\Videos\中国大学MOOC\Python数据分析与展示_1206192225\【第一周】数据分析之表示\单元1：NumPy库入门\8_DV01单元学习资料.pdf
Python数据分析与展示,DV07单元学习资料,274059ce-baa5-44d2-ac87-179212b8de2b,C:\Users\Fadin\AppData\Local\Packages\42920yunfanchina.MOOC-_24n3fmj6qqchj\LocalState\Videos\中国大学MOOC\Python数据分析与展示_1206192225\【第三周】数据分析之概要\单元7：Pandas库入门\8_DV07单元学习资料.pdf
Python数据分析与展示,Anaconda IDE的基本使用方法学习资料,ca5b9043-0161-43dd-8a9b-b69edf1a6d66,C:\Users\Fadin\AppData\Local\Packages\42920yunfanchina.MOOC-_24n3fmj6qqchj\LocalState\Videos\中国大学MOOC\Python数据分析与展示_1206192225\【第〇周】数据分析之前奏\Anaconda IDE的基本使用方法\5_Anaconda IDE的基本使用方法学习资料.pdf
Python数据分析与展示,DV02单元学习资料,89eb0bb6-8426-4809-b9c5-21ee4c9bb4a0,C:\Users\Fadin\AppData\Local\Packages\42920yunfanchina.MOOC-_24n3fmj6qqchj\LocalState\Videos\中国大学MOOC\Python数据分析与展示_1206192225\【第一周】数据分析之表示\单元2：NumPy数据存取与函数\15_DV02单元学习资料.pdf
Python数据分析与展示,DV03单元学习资料,cbc6124f-a3d8-4f3e-9e90-07a0b8897f01,C:\Users\Fadin\AppData\Local\Packages\42920yunfanchina.MOOC-_24n3fmj6qqchj\LocalState\Videos\中国大学MOOC\Python数据分析与展示_1206192225\【第一周】数据分析之表示\单元3：实例1：图像的手绘效果\19_DV03单元学习资料.pdf
Python数据分析与展示,DV04单元学习资料,ff814d58-b0ee-46f3-904a-57f27efa6277,C:\Users\Fadin\AppData\Local\Packages\42920yunfanchina.MOOC-_24n3fmj6qqchj\LocalState\Videos\中国大学MOOC\Python数据分析与展示_1206192225\【第二周】数据分析之展示\单元4：Matplotlib库入门\8_DV04单元学习资料.pdf
Python数据分析与展示,DV05单元学习资料,c72e9fb3-ceff-473e-af43-482d3b90580b,C:\Users\Fadin\AppData\Local\Packages\42920yunfanchina.MOOC-_24n3fmj6qqchj\LocalState\Videos\中国大学MOOC\Python数据分析与展示_1206192225\【第二周】数据分析之展示\单元5：Matplotlib基础绘图函数示例（5个实例）\15_DV05单元学习资料.pdf
Python数据分析与展示,DV06单元学习资料,c28bb8cd-64cf-4608-b097-ed4a610499b3,C:\Users\Fadin\AppData\Local\Packages\42920yunfanchina.MOOC-_24n3fmj6qqchj\LocalState\Videos\中国大学MOOC\Python数据分析与展示_1206192225\【第二周】数据分析之展示\单元6：实例2：引力波的绘制\19_DV06单元学习资料.pdf
Python数据分析与展示,DV08单元学习资料,aa462b6f-007c-468d-9d48-7a676b9b5491,C:\Users\Fadin\AppData\Local\Packages\42920yunfanchina.MOOC-_24n3fmj6qqchj\LocalState\Videos\中国大学MOOC\Python数据分析与展示_1206192225\【第三周】数据分析之概要\单元8：Pandas数据特征分析\14_DV08单元学习资料.pdf
Python数据分析与展示,DV00单元学习资料,f2ed0860-161c-479c-805c-28fb53850312,C:\Users\Fadin\AppData\Local\Packages\42920yunfanchina.MOOC-_24n3fmj6qqchj\LocalState\Videos\中国大学MOOC\Python数据分析与展示_1206192225\【第〇周】数据分析之前奏\“数据分析”课程内容导学\2_DV00单元学习资料.pdf
Python网络爬虫与信息提取,全课程内容导学（WS00单元）学习资料,e0e2bdf4-8180-4d2b-aa81-e638b93a12e8,C:\Users\Fadin\AppData\Local\Packages\42920yunfanchina.MOOC-_24n3fmj6qqchj\LocalState\Videos\中国大学MOOC\Python网络爬虫与信息提取_1206093223\【第〇周】网络爬虫之前奏\“网络爬虫”课程内容导学\2_全课程内容导学（WS00单元）学习资料.pdf
Python网络爬虫与信息提取,WS01单元学习资料,43ab8608-6093-4c06-8307-0576670012f1,C:\Users\Fadin\AppData\Local\Packages\42920yunfanchina.MOOC-_24n3fmj6qqchj\LocalState\Videos\中国大学MOOC\Python网络爬虫与信息提取_1206093223\【第一周】网络爬虫之规则\单元1：Requests库入门\8_WS01单元学习资料.pdf
Python网络爬虫与信息提取,WS02单元学习资料,9805da34-238e-422e-b1f6-2f4c834422c6,C:\Users\Fadin\AppData\Local\Packages\42920yunfanchina.MOOC-_24n3fmj6qqchj\LocalState\Videos\中国大学MOOC\Python网络爬虫与信息提取_1206093223\【第一周】网络爬虫之规则\单元2：网络爬虫的“盗亦有道”\14_WS02单元学习资料.pdf
Python网络爬虫与信息提取,WS03单元学习资料,708eaf38-4a85-4d92-aaa2-201dc31741cb,C:\Users\Fadin\AppData\Local\Packages\42920yunfanchina.MOOC-_24n3fmj6qqchj\LocalState\Videos\中国大学MOOC\Python网络爬虫与信息提取_1206093223\【第一周】网络爬虫之规则\单元3：Requests库网络爬虫实战（5个实例）\21_WS03单元学习资料.pdf
Python网络爬虫与信息提取,WS04单元学习资料,229a6aea-b5f5-4731-8699-9acf3ffb0b0f,C:\Users\Fadin\AppData\Local\Packages\42920yunfanchina.MOOC-_24n3fmj6qqchj\LocalState\Videos\中国大学MOOC\Python网络爬虫与信息提取_1206093223\【第二周】网络爬虫之提取\单元4：Beautiful Soup库入门\7_WS04单元学习资料.pdf
Python网络爬虫与信息提取,WS05单元学习资料,7d53c5a5-49e7-4936-a1d7-9863d3cc412d,C:\Users\Fadin\AppData\Local\Packages\42920yunfanchina.MOOC-_24n3fmj6qqchj\LocalState\Videos\中国大学MOOC\Python网络爬虫与信息提取_1206093223\【第二周】网络爬虫之提取\单元5：信息组织与提取方法\13_WS05单元学习资料.pdf
Python网络爬虫与信息提取,WS06单元学习资料,d67cb6de-59b4-4646-8601-f7b846c6b129,C:\Users\Fadin\AppData\Local\Packages\42920yunfanchina.MOOC-_24n3fmj6qqchj\LocalState\Videos\中国大学MOOC\Python网络爬虫与信息提取_1206093223\【第二周】网络爬虫之提取\单元6：实例1：中国大学排名爬虫\18_WS06单元学习资料.pdf
Python网络爬虫与信息提取,W07单元学习资料,3c1bdf86-8388-4b88-b5f7-e3c66cfb0c10,C:\Users\Fadin\AppData\Local\Packages\42920yunfanchina.MOOC-_24n3fmj6qqchj\LocalState\Videos\中国大学MOOC\Python网络爬虫与信息提取_1206093223\【第三周】网络爬虫之实战\单元7：Re(正则表达式)库入门\8_W07单元学习资料.pdf
Python网络爬虫与信息提取,W08单元学习资料,f032b22c-7e62-4e20-b11e-caa6ff20577d,C:\Users\Fadin\AppData\Local\Packages\42920yunfanchina.MOOC-_24n3fmj6qqchj\LocalState\Videos\中国大学MOOC\Python网络爬虫与信息提取_1206093223\【第三周】网络爬虫之实战\单元8：实例2：淘宝商品比价定向爬虫\13_W08单元学习资料.pdf
Python网络爬虫与信息提取,W09单元学习资料,0fd21166-14c6-49ba-8170-132dbdf9a373,C:\Users\Fadin\AppData\Local\Packages\42920yunfanchina.MOOC-_24n3fmj6qqchj\LocalState\Videos\中国大学MOOC\Python网络爬虫与信息提取_1206093223\【第三周】网络爬虫之实战\单元9：实例3：股票数据定向爬虫\20_W09单元学习资料.pdf
Python网络爬虫与信息提取,WS10单元学习资料,c604c133-04a2-46e7-a0d3-06856ee3befa,C:\Users\Fadin\AppData\Local\Packages\42920yunfanchina.MOOC-_24n3fmj6qqchj\LocalState\Videos\中国大学MOOC\Python网络爬虫与信息提取_1206093223\【第四周】网络爬虫之框架\单元10：Scrapy爬虫框架\7_WS10单元学习资料.pdf
Python网络爬虫与信息提取,WS11单元学习资料,0d6ac9cc-f43c-4abe-8b44-cce2701b9932,C:\Users\Fadin\AppData\Local\Packages\42920yunfanchina.MOOC-_24n3fmj6qqchj\LocalState\Videos\中国大学MOOC\Python网络爬虫与信息提取_1206093223\【第四周】网络爬虫之框架\单元11：Scrapy爬虫基本使用\12_WS11单元学习资料.pdf
Python网络爬虫与信息提取,WS12单元学习资料,1ac14a00-6924-4690-8842-728c151e5591,C:\Users\Fadin\AppData\Local\Packages\42920yunfanchina.MOOC-_24n3fmj6qqchj\LocalState\Videos\中国大学MOOC\Python网络爬虫与信息提取_1206093223\【第四周】网络爬虫之框架\单元12：实例4：股票数据Scrapy爬虫\18_WS12单元学习资料.pdf
Python语言程序设计,单元开篇,,C:\Users\Fadin\AppData\Local\Packages\42920yunfanchina.MOOC-_24n3fmj6qqchj\LocalState\Videos\中国大学MOOC\Python语言程序设计_1206073223\【第5周】函数和代码复用\5.3 代码复用与函数递归\15_单元开篇.mp4
Python语言程序设计,8.3 Python第三方库安装,243827ce-c560-49b9-9f6f-255ad65ce4d7,C:\Users\Fadin\AppData\Local\Packages\42920yunfanchina.MOOC-_24n3fmj6qqchj\LocalState\Videos\中国大学MOOC\Python语言程序设计_1206073223\【第8周】程序设计方法学\第8周作业及学习资料\30_8.3 Python第三方库安装.pdf
Python语言程序设计,0.1 课程基本情况,975773e9-91b3-4e05-907f-8f91749d8184,C:\Users\Fadin\AppData\Local\Packages\42920yunfanchina.MOOC-_24n3fmj6qqchj\LocalState\Videos\中国大学MOOC\Python语言程序设计_1206073223\【第0周】课程导学\0.1 课程基本情况\5_0.1 课程基本情况.pdf
Python语言程序设计,0.2 课程内容导学,39da848f-5cde-4bde-bfbd-5b6616438f5f,C:\Users\Fadin\AppData\Local\Packages\42920yunfanchina.MOOC-_24n3fmj6qqchj\LocalState\Videos\中国大学MOOC\Python语言程序设计_1206073223\【第0周】课程导学\0.2 全课程内容导学  (必看 课程内容渐进式体验)\8_0.2 课程内容导学.pdf
Python语言程序设计,1.0 第1周课程导学,666c4486-6ec5-47fa-92b0-a9fde86e5966,C:\Users\Fadin\AppData\Local\Packages\42920yunfanchina.MOOC-_24n3fmj6qqchj\LocalState\Videos\中国大学MOOC\Python语言程序设计_1206073223\【第1周】Python基本语法元素\第1周作业及学习资料\26_1.0 第1周课程导学.pdf
Python语言程序设计,1.1 程序设计基本方法,5cef7996-41dc-4599-badf-f5db1dfd36eb,C:\Users\Fadin\AppData\Local\Packages\42920yunfanchina.MOOC-_24n3fmj6qqchj\LocalState\Videos\中国大学MOOC\Python语言程序设计_1206073223\【第1周】Python基本语法元素\第1周作业及学习资料\27_1.1 程序设计基本方法.pdf
Python语言程序设计,1.2 Python开发环境配置,5bc7b590-5cae-4f29-8382-1b6b1576b046,C:\Users\Fadin\AppData\Local\Packages\42920yunfanchina.MOOC-_24n3fmj6qqchj\LocalState\Videos\中国大学MOOC\Python语言程序设计_1206073223\【第1周】Python基本语法元素\第1周作业及学习资料\28_1.2 Python开发环境配置.pdf
Python语言程序设计,1.3 实例1 温度转换,cec780ea-8f81-4a71-99b5-c6e23de9693c,C:\Users\Fadin\AppData\Local\Packages\42920yunfanchina.MOOC-_24n3fmj6qqchj\LocalState\Videos\中国大学MOOC\Python语言程序设计_1206073223\【第1周】Python基本语法元素\第1周作业及学习资料\29_1.3 实例1 温度转换.pdf
Python语言程序设计,1.4 Python程序语法元素分析,3308535c-5940-4267-807c-e207c39fc943,C:\Users\Fadin\AppData\Local\Packages\42920yunfanchina.MOOC-_24n3fmj6qqchj\LocalState\Videos\中国大学MOOC\Python语言程序设计_1206073223\【第1周】Python基本语法元素\第1周作业及学习资料\30_1.4 Python程序语法元素分析.pdf
Python语言程序设计,2.0 第2周课程导学,1c2b15a3-b197-460e-ad2d-d097a0540591,C:\Users\Fadin\AppData\Local\Packages\42920yunfanchina.MOOC-_24n3fmj6qqchj\LocalState\Videos\中国大学MOOC\Python语言程序设计_1206073223\【第2周】Python基本图形绘制\第2周作业及学习资料\28_2.0 第2周课程导学.pdf
Python语言程序设计,2.1 深入理解Python语言,94096a61-9df0-4940-aa69-3909fb21a6e2,C:\Users\Fadin\AppData\Local\Packages\42920yunfanchina.MOOC-_24n3fmj6qqchj\LocalState\Videos\中国大学MOOC\Python语言程序设计_1206073223\【第2周】Python基本图形绘制\第2周作业及学习资料\29_2.1 深入理解Python语言.pdf
Python语言程序设计,2.2 实例2：Python蟒蛇绘制,b1eb4858-3821-4997-a18a-335255d3e3df,C:\Users\Fadin\AppData\Local\Packages\42920yunfanchina.MOOC-_24n3fmj6qqchj\LocalState\Videos\中国大学MOOC\Python语言程序设计_1206073223\【第2周】Python基本图形绘制\第2周作业及学习资料\30_2.2 实例2：Python蟒蛇绘制.pdf
Python语言程序设计,2.3 模块1 turtle库的使用,d2a36d26-56c7-4163-92a3-e20bb80d55c3,C:\Users\Fadin\AppData\Local\Packages\42920yunfanchina.MOOC-_24n3fmj6qqchj\LocalState\Videos\中国大学MOOC\Python语言程序设计_1206073223\【第2周】Python基本图形绘制\第2周作业及学习资料\31_2.3 模块1 turtle库的使用.pdf
Python语言程序设计,2.4 turtle程序语法元素分析,23819de4-3a4b-4e22-ab3f-eab1c4006fae,C:\Users\Fadin\AppData\Local\Packages\42920yunfanchina.MOOC-_24n3fmj6qqchj\LocalState\Videos\中国大学MOOC\Python语言程序设计_1206073223\【第2周】Python基本图形绘制\第2周作业及学习资料\32_2.4 turtle程序语法元素分析.pdf
Python语言程序设计,3.0  第3周课程导学,b2354017-decb-4f9e-88f5-89abe7bfb6d3,C:\Users\Fadin\AppData\Local\Packages\42920yunfanchina.MOOC-_24n3fmj6qqchj\LocalState\Videos\中国大学MOOC\Python语言程序设计_1206073223\【第3周】基本数据类型\第3周作业及学习资料\35_3.0  第3周课程导学.pdf
Python语言程序设计,3.1  数字类型及操作,1609f8d7-f44e-4b74-9ffa-6a9650a7708c,C:\Users\Fadin\AppData\Local\Packages\42920yunfanchina.MOOC-_24n3fmj6qqchj\LocalState\Videos\中国大学MOOC\Python语言程序设计_1206073223\【第3周】基本数据类型\第3周作业及学习资料\36_3.1  数字类型及操作.pdf
Python语言程序设计,3.2 实例3 天天向上的力量,6cc0051b-0991-427e-961e-6acc6f1c119a,C:\Users\Fadin\AppData\Local\Packages\42920yunfanchina.MOOC-_24n3fmj6qqchj\LocalState\Videos\中国大学MOOC\Python语言程序设计_1206073223\【第3周】基本数据类型\第3周作业及学习资料\37_3.2 实例3 天天向上的力量.pdf
Python语言程序设计,3.3 字符串类型及操作,81e390ae-d124-48a2-ae56-304490c38e6e,C:\Users\Fadin\AppData\Local\Packages\42920yunfanchina.MOOC-_24n3fmj6qqchj\LocalState\Videos\中国大学MOOC\Python语言程序设计_1206073223\【第3周】基本数据类型\第3周作业及学习资料\38_3.3 字符串类型及操作.pdf
Python语言程序设计,3.4 模块2 time库的使用,af36a3a6-0025-4a4a-8af5-466bde1d5db2,C:\Users\Fadin\AppData\Local\Packages\42920yunfanchina.MOOC-_24n3fmj6qqchj\LocalState\Videos\中国大学MOOC\Python语言程序设计_1206073223\【第3周】基本数据类型\第3周作业及学习资料\39_3.4 模块2 time库的使用.pdf
Python语言程序设计,3.5 实例4 文本进度条,fc4add03-86c1-4f4b-a29e-2f55e9538224,C:\Users\Fadin\AppData\Local\Packages\42920yunfanchina.MOOC-_24n3fmj6qqchj\LocalState\Videos\中国大学MOOC\Python语言程序设计_1206073223\【第3周】基本数据类型\第3周作业及学习资料\40_3.5 实例4 文本进度条.pdf
Python语言程序设计,4.0 第4周辅学内容,1e423e24-eed0-47ad-b318-a54405c95fa1,C:\Users\Fadin\AppData\Local\Packages\42920yunfanchina.MOOC-_24n3fmj6qqchj\LocalState\Videos\中国大学MOOC\Python语言程序设计_1206073223\【第4周】程序的控制结构\第4周作业及学习资料\26_4.0 第4周辅学内容.pdf
Python语言程序设计,4.1 程序的分支结构,f911e8f2-9340-4a43-8c83-d82150ae3921,C:\Users\Fadin\AppData\Local\Packages\42920yunfanchina.MOOC-_24n3fmj6qqchj\LocalState\Videos\中国大学MOOC\Python语言程序设计_1206073223\【第4周】程序的控制结构\第4周作业及学习资料\27_4.1 程序的分支结构.pdf
Python语言程序设计,4.2 实例5 身体质量指数BMI,5162aa7c-d9ef-4d0a-b3fc-82b7e9928844,C:\Users\Fadin\AppData\Local\Packages\42920yunfanchina.MOOC-_24n3fmj6qqchj\LocalState\Videos\中国大学MOOC\Python语言程序设计_1206073223\【第4周】程序的控制结构\第4周作业及学习资料\28_4.2 实例5 身体质量指数BMI.pdf
Python语言程序设计,4.3 程序的循环结构,fd603cc8-f330-4aad-a1a4-f2c114cc95e9,C:\Users\Fadin\AppData\Local\Packages\42920yunfanchina.MOOC-_24n3fmj6qqchj\LocalState\Videos\中国大学MOOC\Python语言程序设计_1206073223\【第4周】程序的控制结构\第4周作业及学习资料\29_4.3 程序的循环结构.pdf
Python语言程序设计,4.4 模块3 random库的使用,501dfa0e-ae8f-48c4-bc8e-666220fe85f8,C:\Users\Fadin\AppData\Local\Packages\42920yunfanchina.MOOC-_24n3fmj6qqchj\LocalState\Videos\中国大学MOOC\Python语言程序设计_1206073223\【第4周】程序的控制结构\第4周作业及学习资料\30_4.4 模块3 random库的使用.pdf
Python语言程序设计,4.5 实例6 圆周率的计算,44d2707c-2b8f-4f1a-8597-084eaf33c28b,C:\Users\Fadin\AppData\Local\Packages\42920yunfanchina.MOOC-_24n3fmj6qqchj\LocalState\Videos\中国大学MOOC\Python语言程序设计_1206073223\【第4周】程序的控制结构\第4周作业及学习资料\31_4.5 实例6 圆周率的计算.pdf
Python语言程序设计,5.0 第5周辅学内容,185f8e8c-da31-4d42-9125-af6b138d2127,C:\Users\Fadin\AppData\Local\Packages\42920yunfanchina.MOOC-_24n3fmj6qqchj\LocalState\Videos\中国大学MOOC\Python语言程序设计_1206073223\【第5周】函数和代码复用\第5周作业及学习资料\28_5.0 第5周辅学内容.pdf
Python语言程序设计,5.1 函数的定义与使用,7ef600ba-6608-4f6e-b6c0-a46033f37fe4,C:\Users\Fadin\AppData\Local\Packages\42920yunfanchina.MOOC-_24n3fmj6qqchj\LocalState\Videos\中国大学MOOC\Python语言程序设计_1206073223\【第5周】函数和代码复用\第5周作业及学习资料\29_5.1 函数的定义与使用.pdf
Python语言程序设计,5.2 实例7 七段数码管绘制,aee0fef0-9465-417f-97d2-a235e7f5d982,C:\Users\Fadin\AppData\Local\Packages\42920yunfanchina.MOOC-_24n3fmj6qqchj\LocalState\Videos\中国大学MOOC\Python语言程序设计_1206073223\【第5周】函数和代码复用\第5周作业及学习资料\30_5.2 实例7 七段数码管绘制.pdf
Python语言程序设计,5.3 代码复用与函数递归,0436c860-56a6-49ce-a22e-4ab05c94abae,C:\Users\Fadin\AppData\Local\Packages\42920yunfanchina.MOOC-_24n3fmj6qqchj\LocalState\Videos\中国大学MOOC\Python语言程序设计_1206073223\【第5周】函数和代码复用\第5周作业及学习资料\31_5.3 代码复用与函数递归.pdf
Python语言程序设计,5.4 模块4 PyInstaller库的使用,152766bf-a37f-44fd-9079-7e59f96ef5a7,C:\Users\Fadin\AppData\Local\Packages\42920yunfanchina.MOOC-_24n3fmj6qqchj\LocalState\Videos\中国大学MOOC\Python语言程序设计_1206073223\【第5周】函数和代码复用\第5周作业及学习资料\32_5.4 模块4 PyInstaller库的使用.pdf
Python语言程序设计,5.5 实例8 科赫雪花小包裹,ee9dec95-bf60-4610-a117-5942485cdf8e,C:\Users\Fadin\AppData\Local\Packages\42920yunfanchina.MOOC-_24n3fmj6qqchj\LocalState\Videos\中国大学MOOC\Python语言程序设计_1206073223\【第5周】函数和代码复用\第5周作业及学习资料\33_5.5 实例8 科赫雪花小包裹.pdf
Python语言程序设计,6.0 第6周辅学内容,a105c4a5-a799-4e5c-8080-d7c5110c9663,C:\Users\Fadin\AppData\Local\Packages\42920yunfanchina.MOOC-_24n3fmj6qqchj\LocalState\Videos\中国大学MOOC\Python语言程序设计_1206073223\【第6周】组合数据类型\第6周作业及学习资料\32_6.0 第6周辅学内容.pdf
Python语言程序设计,6.1 集合类型及操作,ec6a0e6b-bb20-41eb-8a76-cef094df7ed2,C:\Users\Fadin\AppData\Local\Packages\42920yunfanchina.MOOC-_24n3fmj6qqchj\LocalState\Videos\中国大学MOOC\Python语言程序设计_1206073223\【第6周】组合数据类型\第6周作业及学习资料\33_6.1 集合类型及操作.pdf
Python语言程序设计,6.2 序列类型及操作,a6a47b9c-a95c-47c1-96df-cfb4d92dd6a1,C:\Users\Fadin\AppData\Local\Packages\42920yunfanchina.MOOC-_24n3fmj6qqchj\LocalState\Videos\中国大学MOOC\Python语言程序设计_1206073223\【第6周】组合数据类型\第6周作业及学习资料\34_6.2 序列类型及操作.pdf
Python语言程序设计,6.3 实例9 基本统计值计算,ffaec225-ff93-44b1-9d1f-c1fb4c0a064d,C:\Users\Fadin\AppData\Local\Packages\42920yunfanchina.MOOC-_24n3fmj6qqchj\LocalState\Videos\中国大学MOOC\Python语言程序设计_1206073223\【第6周】组合数据类型\第6周作业及学习资料\35_6.3 实例9 基本统计值计算.pdf
Python语言程序设计,6.4 字典类型及操作,3669c93d-b968-4ba6-909b-34c95cf55c6d,C:\Users\Fadin\AppData\Local\Packages\42920yunfanchina.MOOC-_24n3fmj6qqchj\LocalState\Videos\中国大学MOOC\Python语言程序设计_1206073223\【第6周】组合数据类型\第6周作业及学习资料\36_6.4 字典类型及操作.pdf
Python语言程序设计,6.5 模块5 jieba库的使用,99ce75b2-2c66-4398-bb39-5c2cb45a09d1,C:\Users\Fadin\AppData\Local\Packages\42920yunfanchina.MOOC-_24n3fmj6qqchj\LocalState\Videos\中国大学MOOC\Python语言程序设计_1206073223\【第6周】组合数据类型\第6周作业及学习资料\37_6.5 模块5 jieba库的使用.pdf
Python语言程序设计,6.6 实例10 文本词频统计,e3cc1b96-daa5-4210-8be8-9bb0f472c9d9,C:\Users\Fadin\AppData\Local\Packages\42920yunfanchina.MOOC-_24n3fmj6qqchj\LocalState\Videos\中国大学MOOC\Python语言程序设计_1206073223\【第6周】组合数据类型\第6周作业及学习资料\38_6.6 实例10 文本词频统计.pdf
Python语言程序设计,7.0 第7周辅学内容,86a08bf1-deaa-428e-a135-59f47937b886,C:\Users\Fadin\AppData\Local\Packages\42920yunfanchina.MOOC-_24n3fmj6qqchj\LocalState\Videos\中国大学MOOC\Python语言程序设计_1206073223\【第7周】文件和数据格式化\第7周作业及学习资料\30_7.0 第7周辅学内容.pdf
Python语言程序设计,7.1 文件的使用,309d6b07-e605-4a23-bf48-c99ee53b040a,C:\Users\Fadin\AppData\Local\Packages\42920yunfanchina.MOOC-_24n3fmj6qqchj\LocalState\Videos\中国大学MOOC\Python语言程序设计_1206073223\【第7周】文件和数据格式化\第7周作业及学习资料\31_7.1 文件的使用.pdf
Python语言程序设计,7.2 实例11 自动轨迹绘制,c55cf2d6-5ff7-4421-a8f4-f44078c2c77c,C:\Users\Fadin\AppData\Local\Packages\42920yunfanchina.MOOC-_24n3fmj6qqchj\LocalState\Videos\中国大学MOOC\Python语言程序设计_1206073223\【第7周】文件和数据格式化\第7周作业及学习资料\32_7.2 实例11 自动轨迹绘制.pdf
Python语言程序设计,7.3 一维数据的格式化和处理,e9211b01-748b-4d6d-85dd-5048720672a7,C:\Users\Fadin\AppData\Local\Packages\42920yunfanchina.MOOC-_24n3fmj6qqchj\LocalState\Videos\中国大学MOOC\Python语言程序设计_1206073223\【第7周】文件和数据格式化\第7周作业及学习资料\33_7.3 一维数据的格式化和处理.pdf
Python语言程序设计,7.4 二维数据的格式化和处理,2712eacc-efd9-44c9-a20e-f471bb435399,C:\Users\Fadin\AppData\Local\Packages\42920yunfanchina.MOOC-_24n3fmj6qqchj\LocalState\Videos\中国大学MOOC\Python语言程序设计_1206073223\【第7周】文件和数据格式化\第7周作业及学习资料\34_7.4 二维数据的格式化和处理.pdf
Python语言程序设计,7.5 模块6 wordcloud库的使用,3d990d2b-df7c-4bbe-8cba-e15b1687ab70,C:\Users\Fadin\AppData\Local\Packages\42920yunfanchina.MOOC-_24n3fmj6qqchj\LocalState\Videos\中国大学MOOC\Python语言程序设计_1206073223\【第7周】文件和数据格式化\第7周作业及学习资料\35_7.5 模块6 wordcloud库的使用.pdf
Python语言程序设计,7.6 实例12 政府工作报告词云,79d9baa7-b2f8-4cf3-80d0-745db19661fb,C:\Users\Fadin\AppData\Local\Packages\42920yunfanchina.MOOC-_24n3fmj6qqchj\LocalState\Videos\中国大学MOOC\Python语言程序设计_1206073223\【第7周】文件和数据格式化\第7周作业及学习资料\36_7.6 实例12 政府工作报告词云.pdf
Python语言程序设计,8.0 第8周辅学内容,b8b08e9f-6be9-4766-8c7d-be9cba621bd9,C:\Users\Fadin\AppData\Local\Packages\42920yunfanchina.MOOC-_24n3fmj6qqchj\LocalState\Videos\中国大学MOOC\Python语言程序设计_1206073223\【第8周】程序设计方法学\第8周作业及学习资料\27_8.0 第8周辅学内容.pdf
Python语言程序设计,8.1 实例13 体育竞技分析,e7810247-4818-494b-93d3-6a643b1366b8,C:\Users\Fadin\AppData\Local\Packages\42920yunfanchina.MOOC-_24n3fmj6qqchj\LocalState\Videos\中国大学MOOC\Python语言程序设计_1206073223\【第8周】程序设计方法学\第8周作业及学习资料\28_8.1 实例13 体育竞技分析.pdf
Python语言程序设计,8.2 Python程序设计思维,fb1337dd-56b3-4e0b-bb4b-69bfbe879333,C:\Users\Fadin\AppData\Local\Packages\42920yunfanchina.MOOC-_24n3fmj6qqchj\LocalState\Videos\中国大学MOOC\Python语言程序设计_1206073223\【第8周】程序设计方法学\第8周作业及学习资料\29_8.2 Python程序设计思维.pdf
Python语言程序设计,8.4 模块7 os库的使用,a2652837-820f-4060-bd70-66121c1e3830,C:\Users\Fadin\AppData\Local\Packages\42920yunfanchina.MOOC-_24n3fmj6qqchj\LocalState\Videos\中国大学MOOC\Python语言程序设计_1206073223\【第8周】程序设计方法学\第8周作业及学习资料\31_8.4 模块7 os库的使用.pdf
Python语言程序设计,8.5 实例14 第三方库安装脚本,5bb5027d-381e-4bab-9b4e-00381bb209fb,C:\Users\Fadin\AppData\Local\Packages\42920yunfanchina.MOOC-_24n3fmj6qqchj\LocalState\Videos\中国大学MOOC\Python语言程序设计_1206073223\【第8周】程序设计方法学\第8周作业及学习资料\32_8.5 实例14 第三方库安装脚本.pdf
Python语言程序设计,9.0 第9周辅学内容,b1b0d571-407e-429c-8e0b-b6f3a90fda69,C:\Users\Fadin\AppData\Local\Packages\42920yunfanchina.MOOC-_24n3fmj6qqchj\LocalState\Videos\中国大学MOOC\Python语言程序设计_1206073223\【第9周】Python计算生态概览\第9周作业及学习资料\28_9.0 第9周辅学内容.pdf
Python语言程序设计,9.1 从数据处理到人工智能,f3275993-888a-435f-80e0-4656ed0bc76d,C:\Users\Fadin\AppData\Local\Packages\42920yunfanchina.MOOC-_24n3fmj6qqchj\LocalState\Videos\中国大学MOOC\Python语言程序设计_1206073223\【第9周】Python计算生态概览\第9周作业及学习资料\29_9.1 从数据处理到人工智能.pdf
Python语言程序设计,9.2 实例15 霍兰德人格分析雷达图,58705e82-6ee9-4ede-a801-4f58553b759e,C:\Users\Fadin\AppData\Local\Packages\42920yunfanchina.MOOC-_24n3fmj6qqchj\LocalState\Videos\中国大学MOOC\Python语言程序设计_1206073223\【第9周】Python计算生态概览\第9周作业及学习资料\30_9.2 实例15 霍兰德人格分析雷达图.pdf
Python语言程序设计,9.3 从Web解析到网络空间,5c4eab97-dd4e-42c5-8e85-5012adac468e,C:\Users\Fadin\AppData\Local\Packages\42920yunfanchina.MOOC-_24n3fmj6qqchj\LocalState\Videos\中国大学MOOC\Python语言程序设计_1206073223\【第9周】Python计算生态概览\第9周作业及学习资料\31_9.3 从Web解析到网络空间.pdf
Python语言程序设计,9.4 从人机交互到艺术设计,95d30424-6a7d-4061-a0a3-dd4b29c0d96e,C:\Users\Fadin\AppData\Local\Packages\42920yunfanchina.MOOC-_24n3fmj6qqchj\LocalState\Videos\中国大学MOOC\Python语言程序设计_1206073223\【第9周】Python计算生态概览\第9周作业及学习资料\32_9.4 从人机交互到艺术设计.pdf
Python语言程序设计,9.5 实例16 玫瑰花绘制,c0a73fb7-5ba2-42f5-ab5b-04f5ce93d354,C:\Users\Fadin\AppData\Local\Packages\42920yunfanchina.MOOC-_24n3fmj6qqchj\LocalState\Videos\中国大学MOOC\Python语言程序设计_1206073223\【第9周】Python计算生态概览\第9周作业及学习资料\33_9.5 实例16 玫瑰花绘制.pdf
Python语言程序设计,0.3 全课程总结与学习展望,300e12c6-4bab-4c36-b672-deb343f6950b,C:\Users\Fadin\AppData\Local\Packages\42920yunfanchina.MOOC-_24n3fmj6qqchj\LocalState\Videos\中国大学MOOC\Python语言程序设计_1206073223\【第9+周】全课程总结与学习展望\0.3 全课程总结与学习展望\4_0.3 全课程总结与学习展望.pdf
大数据基础与应用,Python内置数据类型（二）讲义,60311be0-7a8e-4ea8-94e8-107c5b7b7520,C:\Users\Fadin\AppData\Local\Packages\42920yunfanchina.MOOC-_24n3fmj6qqchj\LocalState\Videos\中国大学MOOC\大数据基础与应用_1206135218\【第1周】初识大数据与Python语言\Python数据类型\14_Python内置数据类型（二）讲义.pdf
大数据基础与应用,大数据定义-讲义,da079e72-50dd-4608-a3f3-9654c0cf5665,C:\Users\Fadin\AppData\Local\Packages\42920yunfanchina.MOOC-_24n3fmj6qqchj\LocalState\Videos\中国大学MOOC\大数据基础与应用_1206135218\【第1周】初识大数据与Python语言\大数据定义\3_大数据定义-讲义.pdf
大数据基础与应用,大数据应用场景-讲义,5c92a982-debf-4dde-a561-c21dc846f797,C:\Users\Fadin\AppData\Local\Packages\42920yunfanchina.MOOC-_24n3fmj6qqchj\LocalState\Videos\中国大学MOOC\大数据基础与应用_1206135218\【第1周】初识大数据与Python语言\大数据应用场景\5_大数据应用场景-讲义.pdf
大数据基础与应用,大数据分析流程-讲义,6d47604f-29df-4e2e-b436-d817c0ad38e1,C:\Users\Fadin\AppData\Local\Packages\42920yunfanchina.MOOC-_24n3fmj6qqchj\LocalState\Videos\中国大学MOOC\大数据基础与应用_1206135218\【第1周】初识大数据与Python语言\大数据分析流程\7_大数据分析流程-讲义.pdf
大数据基础与应用,如何成为一名大数据从业者讲义,29039e45-1aa8-4d4b-8236-c45089150bb4,C:\Users\Fadin\AppData\Local\Packages\42920yunfanchina.MOOC-_24n3fmj6qqchj\LocalState\Videos\中国大学MOOC\大数据基础与应用_1206135218\【第1周】初识大数据与Python语言\如何成为一名大数据从业者\9_如何成为一名大数据从业者讲义.pdf
大数据基础与应用,Python扩展数据类型讲义,ad813cc6-a681-4954-ad60-bcfb6b061bc0,C:\Users\Fadin\AppData\Local\Packages\42920yunfanchina.MOOC-_24n3fmj6qqchj\LocalState\Videos\中国大学MOOC\大数据基础与应用_1206135218\【第1周】初识大数据与Python语言\Python数据类型\16_Python扩展数据类型讲义.pdf
大数据基础与应用,内置数据结构（一）讲义,a99251d1-b55b-49c8-ba8b-c2cf6909eead,C:\Users\Fadin\AppData\Local\Packages\42920yunfanchina.MOOC-_24n3fmj6qqchj\LocalState\Videos\中国大学MOOC\大数据基础与应用_1206135218\【第2周】Python大数据基础之数据结构与数据存取\Python数据结构\2_内置数据结构（一）讲义.pdf
大数据基础与应用,内置数据结构（二）讲义,336c924c-185a-4db5-a4e1-fb0dabd64297,C:\Users\Fadin\AppData\Local\Packages\42920yunfanchina.MOOC-_24n3fmj6qqchj\LocalState\Videos\中国大学MOOC\大数据基础与应用_1206135218\【第2周】Python大数据基础之数据结构与数据存取\Python数据结构\4_内置数据结构（二）讲义.pdf
大数据基础与应用,数据结构ndarray讲义,9a6d554c-a6d9-4cb2-b6e2-13909b5f4ac2,C:\Users\Fadin\AppData\Local\Packages\42920yunfanchina.MOOC-_24n3fmj6qqchj\LocalState\Videos\中国大学MOOC\大数据基础与应用_1206135218\【第2周】Python大数据基础之数据结构与数据存取\Python数据结构\6_数据结构ndarray讲义.pdf
大数据基础与应用,Python内置数据类型（一）讲义,49d0c054-8e32-42a9-8dbc-6567845963fc,C:\Users\Fadin\AppData\Local\Packages\42920yunfanchina.MOOC-_24n3fmj6qqchj\LocalState\Videos\中国大学MOOC\大数据基础与应用_1206135218\【第1周】初识大数据与Python语言\Python数据类型\12_Python内置数据类型（一）讲义.pdf
大数据基础与应用,数据库存取讲义,7ac81436-b78d-4490-8189-c247c1e51818,C:\Users\Fadin\AppData\Local\Packages\42920yunfanchina.MOOC-_24n3fmj6qqchj\LocalState\Videos\中国大学MOOC\大数据基础与应用_1206135218\【第2周】Python大数据基础之数据结构与数据存取\Python数据存取\16_数据库存取讲义.pdf
大数据基础与应用,CSV和Excel数据交换讲义,e74311aa-0da7-4dc9-8799-c05de99bf608,C:\Users\Fadin\AppData\Local\Packages\42920yunfanchina.MOOC-_24n3fmj6qqchj\LocalState\Videos\中国大学MOOC\大数据基础与应用_1206135218\【第3周】Python大数据基础之数据交换、加工和展示\数据交换\2_CSV和Excel数据交换讲义.pdf
大数据基础与应用,Json和XML数据交换讲义,a353c2d5-ad44-45ef-9eb5-cc6f3da131df,C:\Users\Fadin\AppData\Local\Packages\42920yunfanchina.MOOC-_24n3fmj6qqchj\LocalState\Videos\中国大学MOOC\大数据基础与应用_1206135218\【第3周】Python大数据基础之数据交换、加工和展示\数据交换\4_Json和XML数据交换讲义.pdf
大数据基础与应用,数据结构Series讲义,a5b7aa91-8423-4101-940b-a0ed537ed594,C:\Users\Fadin\AppData\Local\Packages\42920yunfanchina.MOOC-_24n3fmj6qqchj\LocalState\Videos\中国大学MOOC\大数据基础与应用_1206135218\【第2周】Python大数据基础之数据结构与数据存取\Python数据结构\8_数据结构Series讲义.pdf
大数据基础与应用,数据结构DataFrame讲义,68276526-0fcf-44b7-8921-1b67ab21572b,C:\Users\Fadin\AppData\Local\Packages\42920yunfanchina.MOOC-_24n3fmj6qqchj\LocalState\Videos\中国大学MOOC\大数据基础与应用_1206135218\【第2周】Python大数据基础之数据结构与数据存取\Python数据结构\10_数据结构DataFrame讲义.pdf
大数据基础与应用,文件读写讲义,c130b5a5-7169-4dbb-b694-8282593338e4,C:\Users\Fadin\AppData\Local\Packages\42920yunfanchina.MOOC-_24n3fmj6qqchj\LocalState\Videos\中国大学MOOC\大数据基础与应用_1206135218\【第2周】Python大数据基础之数据结构与数据存取\Python数据存取\12_文件读写讲义.pdf
大数据基础与应用,文件和文件夹处理讲义,d20df879-3b33-4bc4-9625-d08643b76ba6,C:\Users\Fadin\AppData\Local\Packages\42920yunfanchina.MOOC-_24n3fmj6qqchj\LocalState\Videos\中国大学MOOC\大数据基础与应用_1206135218\【第2周】Python大数据基础之数据结构与数据存取\Python数据存取\14_文件和文件夹处理讲义.pdf
大数据基础与应用,实验平台用户注册及登录,a15499b5-3e51-4bad-98cd-3826c88e753f,C:\Users\Fadin\AppData\Local\Packages\42920yunfanchina.MOOC-_24n3fmj6qqchj\LocalState\Videos\中国大学MOOC\大数据基础与应用_1206135218\【第2周】Python大数据基础之数据结构与数据存取\在线实验：Python数据结构与数据存取\18_实验平台用户注册及登录.pdf
大数据基础与应用,实验平台用户使用手册,bb674abe-3791-486a-a56b-26f30c813051,C:\Users\Fadin\AppData\Local\Packages\42920yunfanchina.MOOC-_24n3fmj6qqchj\LocalState\Videos\中国大学MOOC\大数据基础与应用_1206135218\【第2周】Python大数据基础之数据结构与数据存取\在线实验：Python数据结构与数据存取\19_实验平台用户使用手册.pdf
大数据基础与应用,Web数据交换讲义,273701e5-6e2e-4484-b00e-5089aafefa11,C:\Users\Fadin\AppData\Local\Packages\42920yunfanchina.MOOC-_24n3fmj6qqchj\LocalState\Videos\中国大学MOOC\大数据基础与应用_1206135218\【第3周】Python大数据基础之数据交换、加工和展示\数据交换\6_Web数据交换讲义.pdf
大数据基础与应用,用Pandas加工数据讲义,e804b75d-6136-4d1a-abd0-8587a79c8c15,C:\Users\Fadin\AppData\Local\Packages\42920yunfanchina.MOOC-_24n3fmj6qqchj\LocalState\Videos\中国大学MOOC\大数据基础与应用_1206135218\【第3周】Python大数据基础之数据交换、加工和展示\数据加工与展示\8_用Pandas加工数据讲义.pdf
大数据基础与应用,用Matplotlib展示数据讲义,bed856cb-505d-4691-845e-cdccf7ba9e25,C:\Users\Fadin\AppData\Local\Packages\42920yunfanchina.MOOC-_24n3fmj6qqchj\LocalState\Videos\中国大学MOOC\大数据基础与应用_1206135218\【第3周】Python大数据基础之数据交换、加工和展示\数据加工与展示\10_用Matplotlib展示数据讲义.pdf
大数据基础与应用,数据分析方法-1-概述-1文档,2f7a8400-13e4-4889-a38c-51165742b67a,C:\Users\Fadin\AppData\Local\Packages\42920yunfanchina.MOOC-_24n3fmj6qqchj\LocalState\Videos\中国大学MOOC\大数据基础与应用_1206135218\【第4周】数据分析方法1\数据分析方法概述\2_数据分析方法-1-概述-1文档.pdf
大数据基础与应用,数据分析方法-1-概述-2文档,fd72a1ac-a3f0-4756-a290-87929c2c607d,C:\Users\Fadin\AppData\Local\Packages\42920yunfanchina.MOOC-_24n3fmj6qqchj\LocalState\Videos\中国大学MOOC\大数据基础与应用_1206135218\【第4周】数据分析方法1\数据分析方法概述\4_数据分析方法-1-概述-2文档.pdf
大数据基础与应用,数据分析方法-2-统计数据分析-1文档,9ff6d069-13b3-445b-828d-6f890141a3db,C:\Users\Fadin\AppData\Local\Packages\42920yunfanchina.MOOC-_24n3fmj6qqchj\LocalState\Videos\中国大学MOOC\大数据基础与应用_1206135218\【第4周】数据分析方法1\统计数据分析方法\6_数据分析方法-2-统计数据分析-1文档.pdf
大数据基础与应用,数据分析方法-2-统计数据分析-2文档,90822c28-0474-45b6-9956-3446fb190b86,C:\Users\Fadin\AppData\Local\Packages\42920yunfanchina.MOOC-_24n3fmj6qqchj\LocalState\Videos\中国大学MOOC\大数据基础与应用_1206135218\【第4周】数据分析方法1\统计数据分析方法\8_数据分析方法-2-统计数据分析-2文档.pdf
大数据基础与应用,数据分析方法-2-统计数据分析-3-对应视频3.2.3和3.2.4文档,89a92ab4-c055-4e1f-91b9-de04d7f95c6e,C:\Users\Fadin\AppData\Local\Packages\42920yunfanchina.MOOC-_24n3fmj6qqchj\LocalState\Videos\中国大学MOOC\大数据基础与应用_1206135218\【第4周】数据分析方法1\统计数据分析方法\11_数据分析方法-2-统计数据分析-3-对应视频3.2.3和3.2.4文档.pdf
大数据基础与应用,数据分析方法-2-统计数据分析-4-对应视频3.2.4和3.2.5文档,8b175f3c-67cc-48d2-94c7-2290a5311915,C:\Users\Fadin\AppData\Local\Packages\42920yunfanchina.MOOC-_24n3fmj6qqchj\LocalState\Videos\中国大学MOOC\大数据基础与应用_1206135218\【第4周】数据分析方法1\统计数据分析方法\13_数据分析方法-2-统计数据分析-4-对应视频3.2.4和3.2.5文档.pdf
大数据基础与应用,数据分析方法-3-机器学习方法-1文档,d323eab4-1c19-4571-b491-7ae52117d64a,C:\Users\Fadin\AppData\Local\Packages\42920yunfanchina.MOOC-_24n3fmj6qqchj\LocalState\Videos\中国大学MOOC\大数据基础与应用_1206135218\【第4周】数据分析方法1\基于机器学习的分析方法\15_数据分析方法-3-机器学习方法-1文档.pdf
大数据基础与应用,数据分析方法-3-机器学习方法-2文档,3a24bc03-636b-416f-a8eb-7023ee3ce862,C:\Users\Fadin\AppData\Local\Packages\42920yunfanchina.MOOC-_24n3fmj6qqchj\LocalState\Videos\中国大学MOOC\大数据基础与应用_1206135218\【第4周】数据分析方法1\基于机器学习的分析方法\17_数据分析方法-3-机器学习方法-2文档.pdf
大数据基础与应用,数据分析方法-3-机器学习方法-3文档,e38d8285-e16b-4b93-b2ed-23bbc4efa1e4,C:\Users\Fadin\AppData\Local\Packages\42920yunfanchina.MOOC-_24n3fmj6qqchj\LocalState\Videos\中国大学MOOC\大数据基础与应用_1206135218\【第4周】数据分析方法1\基于机器学习的分析方法\19_数据分析方法-3-机器学习方法-3文档.pdf
数据结构,第3周线性表（下）第3讲-线性表的应用.pdf,adef5467-5cca-4488-b801-51081bd54049,C:\Users\Fadin\AppData\Local\Packages\42920yunfanchina.MOOC-_24n3fmj6qqchj\LocalState\Videos\中国大学MOOC\数据结构_1002049010\第3周：线性表（下）（时长：41分40秒）\第3周第3讲-线性表的应用（09：33）\8_第3周线性表（下）第3讲-线性表的应用.pdf.pdf
数据结构,第8周树和二叉树（上）第3讲-二叉树的概念.pdf,ee52be81-d28d-4301-80e6-40d08b7eee0c,C:\Users\Fadin\AppData\Local\Packages\42920yunfanchina.MOOC-_24n3fmj6qqchj\LocalState\Videos\中国大学MOOC\数据结构_1002049010\第8周：树和二叉树（上）（时长57分37秒）\第8周第3讲-二叉树的概念（10：56）\6_第8周树和二叉树（上）第3讲-二叉树的概念.pdf.pdf
数据结构,第8周树和二叉树（上）第2讲-树的运算和存储结构.pdf,e59c02ae-3520-4756-81c4-14443c902876,C:\Users\Fadin\AppData\Local\Packages\42920yunfanchina.MOOC-_24n3fmj6qqchj\LocalState\Videos\中国大学MOOC\数据结构_1002049010\第8周：树和二叉树（上）（时长57分37秒）\第8周第2讲-树的运算和存储结构（05：50）\4_第8周树和二叉树（上）第2讲-树的运算和存储结构.pdf.pdf
数据结构,第8周树和二叉树（上）第1讲-树的概念.pdf,2bde5b84-20fa-45a7-8c68-8396fff80437,C:\Users\Fadin\AppData\Local\Packages\42920yunfanchina.MOOC-_24n3fmj6qqchj\LocalState\Videos\中国大学MOOC\数据结构_1002049010\第8周：树和二叉树（上）（时长57分37秒）\第8周第1讲-树的概念（12：17）\2_第8周树和二叉树（上）第1讲-树的概念.pdf.pdf
现代密码学,5.1 Hash概念和基本要求,4d80e15c-41cf-42ad-bdfd-8144b4087b2c,C:\Users\Fadin\AppData\Local\Packages\42920yunfanchina.MOOC-_24n3fmj6qqchj\LocalState\Videos\中国大学MOOC\现代密码学_1206212202\第五章 Hash函数\5.1 Hash概念和基本要求\2_5.1 Hash概念和基本要求.pdf
